,rent_incurred,variable_cost,fixed_cost,cash_flow,interest_payment,change_from_prior_day,new_balance
0,286109.14776874275,235619.14776874275,22000,28490.0,2075.5,26414.5,-43585.5
1,307500.0,242010.0,22000,43490.0,4.775,43485.225,-100.275
2,295000.0,242010.0,22000,30990.0,0.0,30990.0,30889.725
3,310000.0,242010.0,22000,45990.0,0.0,45990.00000000001,76879.725
4,5543750.0,248385.0,22000,5273365.0,0.0,5273365.0,5350244.725
5,303622.5,232965.0,22000,48657.5,0.0,48657.5,5398902.225
