,rent_incurred,variable_cost,fixed_cost,cash_flow,interest_payment,change_from_prior_day,new_balance
0,197875.0,179625.0,16000,2250.0,2962.5,-712.5,-62212.5
1,208550.0,179625.0,16000,12925.0,2464.375,10460.625,-51751.875
2,207875.0,179625.0,16000,12250.0,1975.09375,10274.90625,-41476.96875
3,211734.08054492925,183484.08054492925,16000,12250.0,1461.3484375,10788.6515625,-30688.3171875
4,298409.7763387867,248809.7763387867,16000,33600.0,0.0,33600.0,2911.6828124999993
5,213225.0,179625.0,16000,17600.0,0.0,17600.0,20511.6828125
